lon,lat,locode
140.386002,35.764702,
-77.083503,26.5114,
101.4449996948242,0.460786014795303,
-79.25,25.76700019836425,BS BIM
28.39559936523437,57.78390121459961,RU PKV
116.41092,39.509945,CN LFZ
19.898199,60.1222,
11.55329990386963,3.722559928894043,
71.51460266113281,33.99390029907227,
105.7809982299805,15.13210010528564,
-80.29060363769531,25.79319953918457,
104.698147,-2.897653,
-89.657699585,20.9370002747,MX MID
129.914001465,32.91690063479999,JP OMJ
14.9224,37.401699,IT ENT
21.09390068054199,55.97320175170898,LT PLQ
10.75469970703125,35.75809860229492,
-119.121002197,34.120300293,
-72.268321,21.773697,
-1.61073005199,47.15319824220001,FR BOI
120.975998,32.070801,
151.8339996337891,-32.79499816894531,AU WLM
34.39720153808594,49.56859970092773,
13.27600002288818,32.89410018920898,LY TIP
80.234398,50.351295,
23.5690002441,-6.121240139010001,
46.351233,-15.666842,
26.5983009338,39.0567016602,
25.6173,-33.984901,
-0.812389,37.775002,ES SJR
11.078056,49.498699,DE RGM
39.811401,-5.25726,
-94.5927963256836,39.12319946289063,US MKC
-87.89659881591797,42.94720077514648,US MKE
10.2964,44.824501,IT PMF
31.307501,-26.528999,
2.73881,39.551701,ES PMI
32.93270111083984,-2.4444899559021,
13.091,38.175999,IT ISI
102.252778,2.265613,
76.52030181884766,66.06939697265625,RU NUX
14.4775,35.857498,
-80.645302,28.1028,US MLB
73.52909851074219,4.191830158233643,
-63.96659851074219,10.9126033782959,
65.170799,40.117199,
7.532864,47.599323,FR STL
116.5849990844727,40.0801010131836,
-101.025002,19.849899,
-48.650979,-26.879431,BR NVT
43.766399,-12.2981,
1.28278,52.6758,GB NRW
-1.64633,42.77,ES GAL
38.0909996033,38.4352989197,
72.69889831542969,65.48090362548828,
131.263,25.8465,JP MMD
16.912201,58.788601,SE NYO
-1.42941,54.509201,
137.923004,36.166801,JP MMJ
32.75080108642578,68.78170013427734,
104.844002,11.5466,
96.200996,19.623501,
158.2089996337891,6.985099792480469,
109.4039993286133,-0.150710999965668,
13.376198,55.536305,SE SEA
117.33,49.566667,CN MLX
125.294998169,24.7828006744,JP MMY
73.919701,18.5821,IN PNQ
-62.19329833984375,16.79140090942383,
69.264999,34.946098,
11.8866,-4.81603,
121.019997,14.5086,
-122.221001,37.721298,US OAK
-72.529078,-51.67067,CL PNT
-40.569098,-9.362422,BR PNZ
-96.726600647,16.9999008179,
-51.166592,-29.994712,BR POA
-64.32852,18.727734,
64.223175,31.848735,
-79.014503479004,35.1708984375,
8.754380226135254,-0.711739003658295,
143.216995239,42.7332992554,JP OBO
99.25679779052734,20.51679992675781,MM MOG
7.2625,62.744701,NO MOL
40.52401351928711,-12.99176216125488,
147.2200012207031,-9.44338035583496,
-76.969754,18.404079,
-70.56999969482422,19.75790023803711,
10.33090019226074,55.47669982910156,
21.799999,61.4617,FI POR
-61.3372,10.5954,
3.96301007270813,43.57619857788086,FR MGU
32.572601,-25.920799,MZ MPM
2.040833,49.096667,FR IYA
30.6765,46.4268,UA ODS
16.8263,52.421001,PL POZ
-58.44720077514648,-51.82279968261719,
58.75569915771485,53.39310073852539,
18.98999977111816,63.40829849243164,
-170.710007,-14.331,
40.6316986084,37.2233009338,TR KZE
-4.050000190734863,9.600000381469728,
69.183273,54.774702,
31.1056003571,-25.3831996918,
-169.669998,-14.1844,
-156.431212,20.898543,
15.0609998703,32.325000762939,
-58.1059,6.80628,GY OGL
35.008057,-1.406111,
118.7590026855469,9.742119789123535,
-149.606995,-17.553699,
5.22142410278,43.439271922,FR MGN
57.683601,-20.430201,MU PMG
43.08190155029297,44.22510147094727,
38.085995,40.966872,
5.41278,31.9172,
103.9931,10.1698,VN PQC
44.606602,43.205101,
20.7423,41.18,
141.367996,40.703201,JP MSJ
142.879772,53.517656,
-93.221802,44.882,US TSN
56.62541,24.38604,
39.37009811401367,15.67000007629394,
14.26,50.1008,CZ PRG
28.039964,53.888071,
41.66120147705078,38.74779891967773,
131.736999512,33.47940063479999,JP KNS
5.77014,50.911701,NL ZAK
27.55249977111816,-29.46229934692383,
127.646004,26.195801,
21.035801,42.5728,
-90.25800323486328,29.99340057373047,US KES
-97.6007,35.393101,US OKC
59.623299,42.4884,UZ NCU
10.3927,43.683899,IT PSA
133.854996,34.756901,JP OKJ
-66.56300354003906,18.00830078125,
9.51763,40.898701,
35.246106,-1.324213,
-100.107002,25.7785,MX APD
-70.8233032227,43.0778999329,US NWZ
157.263,-8.32797,
23.43110084533692,-19.97260093688965,
11.7861,48.353802,DE ODD
-116.507004,33.8297,US PSP
14.1811,42.431702,IT PSR
27.221701,31.325399,
35.110689,-1.408586,
-95.894096,41.3032,US OMA
-63.153348,9.749023,VE MUN
16.446699,-28.5847,
-165.4450073242188,64.51219940185547,
71.41909790039062,30.20319938659668,PK MXC
45.0686988831,37.6680984497,
33.8021,-1.503,
29.458615,-23.845269,
13.4379997253418,-1.656159996986389,
17.84589958190918,43.28290176391602,
-35.366578,-5.769804,BR SAN
-56.0308,-34.838402,
21.90250015258789,47.02529907226562,RO OMR
-83.420097351074,42.665500640869,
73.31050109863281,54.96699905395508,RU OMS
14.257399559021,10.45139980316162,CM MVR
-61.531799,16.265301,
32.0886,41.506401,TR CUM
-79.3834991455,9.0713596344,PA TOC
-117.6009979248047,34.05599975585938,US ONT
126.382814,34.991406,
-0.418610990047455,43.38000106811523,FR UZZ
153.506641,-28.165962,
143.238006592,-6.36332988739,
82.618675,55.019756,
-10.75870037078857,6.289060115814209,
-68.36340332030001,18.5673999786,
-80.278397,25.907,
-8.68138980865,41.2481002808,PT MAI
8.72811,45.6306,IT FEN
15.03800010681152,59.22370147705078,SE ORB
-70.854599,-53.002602,CL PUQ
-71.3564,4.79222,CO ORC
128.938004,35.179501,
-87.9048,41.9786,US CHI
14.5114,60.957901,SE MRA
116.097857,24.263425,CN MEZ
-55.1913,5.811131,
13.9222002029419,44.89350128173828,
-8.49111,51.841301,IE ORK
71.556702,40.9846,UZ NMA
-0.621183,35.623901,DZ SEN
132.6999969482422,33.82720184326172,JP MYJ
-71.425668,41.725038,US UZO
-67.0762023926,-17.962600708,
61.895668,37.62353,TM MYP
-78.9282989502,33.6796989441,US MYR
121.805,31.1434,
2.3794444,48.7233333,FR VUI
40.181997,-10.336204,
14.50030040741,63.194400787354,SE OSD
20.76530075073243,38.92549896240234,GR VOA
113.9869995117188,4.322010040283203,
-88.55699920654297,43.98440170288086,US OSH
18.8102,45.4627,
-105.253998,20.680099,
35.378453,-1.378382,
35.521999,40.829399,TR MZH
11.1004,60.193901,
43.1474,36.305801,
127.029999,37.090599,KR PTK
-77.087545,20.288605,CU MZO
67.209702,36.706902,
-70.309303,43.646198,US PWM
-106.265999,23.1614,
18.11109924316406,49.6963005065918,
77.07389831542969,52.19499969482422,
72.793296814,40.6090011597,
2.874673,51.1998,BE OST
58.5956,51.072498,RU OSW
-16.3500003815,33.0733985901,
140.7250061035156,-36.98529815673828,AU NAC
79.047203,21.092199,IN NAG
26.085,44.571111,RO OTI
45.45840072631836,39.18880081176758,
43.63660049438477,43.51290130615234,RU NAL
-1.51242,12.3532,
-1.92399001121521,34.78720092773438,
177.4429931640625,-17.75539970397949,
14.2908,40.886002,IT NAP
25.354601,64.930099,FI OUL
-77.466202,25.039,
-12.482228,22.757345,
34.5345,38.7719,
-6.03462,43.563599,
-62.76039886474609,8.288530349731445,VE CGU
63.60191345214844,61.32662200927734,RU SOV
52.09249877929688,55.56470108032227,
37.23410034179688,19.4335994720459,SD SSD
-15.65369987487793,11.89480018615723,
10.438611,36.075833,
17.82839965820312,48.62519836425781,SK PZY
-5.86667013168,30.3202991486,
35.31570053100586,47.86700057983398,UA ZPR
36.9277992249,-1.31923997402,KE EMB
-5.615940093994141,37.17490005493164,ES EAH
-6.909430027010001,30.9391002655,MA OZZ
-75.2071,19.9065,
-79.55560302734375,8.973340034484863,PA ACO
7.215869903560001,43.6584014893,FR NCE
8.616319656369999,51.6141014099,
-1.69167,55.037498,GB NCS
-122.281998,47.9063,
6.1063889,45.9308333,FR MZT
-17.03000068664551,20.9330997467041,
-72.292503,18.58,HT PAP
123.9179992675781,47.23960113525391,
25.113195,37.020495,GR PAS
15.034,12.1337,TD NDJ
-100.185997,20.6173,
-3.0282099247,34.98880004879999,
-98.3713989258,19.1581001282,
-47.903703,-21.875401,BR SCO
5.32449007034,36.1781005859,
89.424599,27.4032,
-80.09559631347656,26.68320083618164,
-62.58990097045898,17.2056999206543,
8.093,4.8725,
-68.072998046875,10.48050022125244,
121.4619979858398,29.82670021057129,CN NBO
-55.187801,5.45283,
13.55920028686523,7.357009887695312,CM NGE
152.380005,-4.34046,
-88.583801,15.7309,GT PBR
136.8049926757812,34.8583984375,JP TXN
-23.49349975585937,14.92450046539307,
-76.289299,36.937599,US ORF
109.19666,12.227912,VN NHA
-8.03629970551,31.6068992615,MA RAK
55.3661994934,25.0268001556,
100.280998,-0.786917,
-159.806,-21.2027,CK AVA
2.18361,13.4815,NE NIM
-25.6979007721,37.7411994934,PT PDL
49.617778,37.323333,IR RAS
38.91070175170898,15.29189968109131,
-55.09429931640625,-34.85509872436523,
-81.680603,30.2358,US JAX
-6.75152,34.051498,MA SAL
167.939616,-29.041887,
12.51666736602783,48.90083312988281,DE A47
76.48359680175781,60.94929885864258,RU NJC
24.8508,42.067799,
-122.5979996,45.58869934,US PDX
44.404317,31.989853,
-15.9697222,18.31,MR NKC
15.73859977722168,50.01340103149414,
118.865949,31.735032,CN NJI
56.021198,57.914501,
12.5132,43.095901,IT ASI
-75.7395,4.81267,CO PEI
-72.926,11.5262,CO RCH
100.2770004272461,5.297140121459961,
28.664047,-12.998512,
115.9670028686523,-31.94029998779297,
34.15470123291016,61.88520050048828,
45.02109909057617,53.11059951782227,RU PEZ
-99.0145,19.7458,
31.9198,47.057899,
32.485699,34.717999,
103.004942,5.764804,MY RDN
21.213301,51.389198,PL RDM
73.469181,5.818394,
162.454108,-10.847994,
-78.7874984741211,35.87760162353516,
108.171997,22.608299,CN NIN
2.870670080184937,42.74039840698242,FR PGF
2.482670068740845,44.40790176391602,
-34.923316,-8.125984,BR REC
15.6516,38.071201,IT REG
52.737701,27.379601,
-8.81849,53.910301,IE MYO
75.2699966430664,63.18330001831055,
55.45669937133789,51.79579925537109,
103.813044,13.41155,
35.071774,42.018313,TR SIC
48.3148,-13.3121,
6.94959020614624,5.015490055084229,
118.625999451,-20.3777999878,AU PHE
166.212997,-22.014601,
1.16717,41.1474,ES RUS
86.877197,53.811401,
-75.24109649658203,39.87189865112305,
-89.097198,42.1954,US RFD
-68.155701,-38.949001,AR NQN
-112.005905,33.435302,US PHX
-4.995409965515137,50.44060134887695,
-69.3126,-51.6089,
71.466904,51.022202,KZ AST
96.1332015991,16.9073009491,MM RGN
-145.509995,-17.3526,
-82.68740082,27.91020012,
16.25060081481934,58.58629989624024,SE NRK
-4.587019,55.502003,
6.14216995239,51.6024017334,DE WZE
-76.220299,-13.7449,
28.08620071411133,36.40539932250977,GR RHO
-101.2799987792969,48.2593994140625,US MOT
0.306665986776352,46.58769989013672,FR DBR
-80.23290253,40.49150085,
-74.2306,11.1196,CO SMR
49.8158,-17.093901,
23.06889915466309,67.24559783935547,SE PJA
9.884110450744627,46.53409957885742,CH SAM
-117.867996,33.675701,
-80.127899169922,8.375880241394,
158.4539947509766,53.16790008544922,
-117.259003,33.880699,
23.9711,56.923599,
49.375,14.6626,
-8.92482,52.702,
83.98210144042969,28.20089912414551,NP PKR
-79.943603515625,22.49220085144043,CU SNU
14.57030010223389,45.21689987182617,HR OMI
34.5836982727,25.557100296,
17.159084,46.686391,
12.6117,44.020302,IT RMI
-2.322235,42.460953,ES ACO
110.750494,-7.513564,
23.41143608093262,42.69669342041016,BG NLS
79.88619995117188,6.821990013122559,
56.048979,30.298345,
120.621002,24.2647,
12.1314001083374,55.58560180664063,
7.60028,49.436901,DE RAM
167.220001221,-15.5050001144,
55.93880081176758,25.61350059509277,
-1.125,37.803,ES MJV
-21.9405994415,64.1299972534,IS REY
-1.3568,50.950298,GB EAT
15.265,56.266701,SE RNB
12.2783002853,53.9182014465,DE LGZ
-116.9700012207031,32.54109954833984,
-17.7556,28.626499,ES V3D
14.75959968566894,55.06330108642578,
-8.167099952700001,27.7003993988,DZ TIN
-119.7679977416992,39.49909973144531,US RNO
145.729004,15.119,
13.159,32.663502,
-1.73479,48.0695,FR SJL
-87.9711,17.9139,BZ SPR
-10.3623,6.23379,
16.29800033569336,43.53889846801758,
18.72330093383789,42.40470123291016,
-77.672401,43.1189,US ROC
30.89569,30.108148,
-64.7013015747,-21.5557003021,
150.475359,-23.380019,AU ROK
145.242996,14.1743,
134.544236,7.36731,
-60.785,-32.9036,
65.3243026733,57.1896018982,RU TJM
23.39500045776367,55.89390182495117,LT SQQ
176.3170013427734,-38.10919952392578,
39.924722,47.493888,
107.754997,-2.74572,
-65.149611,-19.246835,BO YAM
110.373244,-6.970732,ID SRG
69.80500030517578,37.98809814453125,
63.361,-19.7577,
5.34085,59.791901,NO SRP
105.175556,-5.240556,
-82.554398,27.395399,
151.8430023193359,7.461870193481445,
53.188761,36.644408,
-38.322498,-12.908611,BR SSA
29.6709,-4.8862,
134.606995,34.132801,
8.708720207214355,3.755270004272461,
22.2628,60.514099,FI TKU
34.395,27.977301,
-81.75520324707031,26.53619956970215,
127.112718,37.444744,KR SGM
-86.523003,16.316799,
-99.566002,19.337099,
-95.139198303223,43.387500762939,
43.7285,-23.3834,
-94.059898,45.5466,US STC
-72.035103,7.56538,
4.43722,51.956902,NL RTM
-84.350304,30.3965,US TLH
46.066666,51.566666,RU RTW
-70.60469818115234,19.40609931945801,
-90.370003,38.748697,
46.69879913330078,24.95759963989257,
24.8327999115,59.41329956049999,EE TLL
55.5103,-20.8871,
-1.45000004768,35.0167007446,
0.234999999404,51.8849983215,
9.22196006775,48.6898994446,DE FIL
6.14602994919,43.0973014832,FR HYR
-64.977251,18.337091,
1.36382,43.629101,FR BLG
72.7417984009,21.1140995026,
42.11280059814453,45.10919952392578,
-64.79859924316406,17.70190048217773,
34.88669967651367,32.01139831542969,
39.818333,47.258333,RU ROV
112.7870025634766,-7.379829883575439,
11.14610004425,64.838302612305,
16.2423,38.905399,IT SUF
25.830400466919,66.564796447754,
22.88570022583008,47.70330047607422,
-55.47620010375977,-30.97459983825684,
10.785439,59.378817,NO MSS
67.311869,37.287261,
141.048718,-26.69639,AU TXR
70.27960205078125,28.3838996887207,
49.392502,-18.109501,
22.018999,50.110001,PL TRZ
23.604401,61.414101,FI PIR
5.45107984543,22.8115005493,DZ TMR
6.71215,0.378175,
-121.927002,38.262699,US SUU
178.5590057373047,-18.04330062866211,
40.850796,41.179625,TR PZR
-63.22000122070312,17.64500045776367,NL SAB
117.216003,36.857201,CN JNA
44.21969985961914,15.47630023956299,
-61.149945,13.156695,
-89.055702,13.4409,SV SLT
5.63778,58.876701,NO SLA
-5.91689,35.726898,MA TNG
-117.190002441,32.7336006165,US SAN
-87.923599,15.4526,HN SAP
104.531997681,0.922683000565,ID TNJ
-78.04900360107422,25.05380058288575,
-98.469803,29.533701,US SAT
120.206001,22.950399,TW TNN
28.945101,61.9431,FI SVL
-81.20210266,32.12760162,US SAV
-81.14569855,32.00999832,US SAV
29.3092,40.898602,TR PEN
37.4146,55.972599,RU KKI
47.478802,-18.7969,
-117.235001,34.095402,US SBT
-5.89311,37.417999,ES SVQ
23.907,31.861,
-62.843601,17.9044,
8.110560417175293,33.93970108032227,
85.208297729492,56.380298614502,
60.802700042725,56.743099212646,RU YEK
-86.317299,41.708698,US SBN
116.5033,23.552,CN JYG
-74.104797,41.504101,
-83.8078,41.5868,
111.9850006103516,2.261600017547607,
18.9189,69.683296,NO TOS
24.09129905700684,45.78559875488281,RO SBZ
-64.583333,18.45,
-72.2029037475586,7.80132007598877,
137.1880035400391,36.64830017089844,JP TOY
-70.78579711914062,-33.39300155639648,CL PUD
-82.533203125,27.97550010681152,US TPA
7.628230094909668,48.53829956054688,FR EZI
13.521388,52.370277,DE CNF
121.233002,25.0777,TW TYN
7.10950994492,49.2145996094,DE SCN
51.09086,43.860093,
-63.108898,18.041,
-8.41514,42.896301,ES OPI
12.488,37.9114,IT MRA
12.842503,61.158393,SE SL2
53.90579986572266,12.63070011138916,
-75.83540344238281,19.96980094909668,CU SCU
26.35409927368164,47.6875,
74.7742,33.987099,
50.84510040283203,61.64699935913086,RU SCW
151.177001953125,-33.94609832763672,AU MAS
13.57499980926514,-14.9246997833252,AO SDD
-103.411003,25.5683,
10.924,63.457802,NO STJ
139.787003,38.812199,JP SKT
47.00920104980469,35.24589920043945,
10.258600235,59.1866989136,NO TRF
-84.139801,9.95705,CR PVA
140.917007,38.139702,
-76.1063003540039,43.11119842529297,US DWN
118.0589981079102,5.900899887084961,
17.44389915466309,62.52809906005859,SE TIM
-82.407401,36.475201,
117.569444,3.326667,
109.412003,18.3029,CN SYX
7.64963,45.200802,IT SMV
-69.668899536133,18.42970085144,
52.589802,29.5392,IR SYZ
-3.82001,43.427101,ES CGO
101.5490036010742,3.130579948425293,MY SHA
13.4722,45.827499,
34.787857,32.104885,IL TLV
-79.10880279541016,-8.08141040802002,
76.9200973511,8.48211956024,
36.567101,41.254501,
173.147003,1.38164,KI TRW
-122.308998,47.449001,US SEZ
13.0043001175,47.7933006287,AT SZG
78.709702,10.7654,IN TRI
14.47249984741211,26.98699951171875,
121.552001953125,25.06940078735352,
71.4612,51.02781,KZ AST
0.695556,51.5714,GB RFD
12.1944,45.648399,IT TRV
34.822498,-2.45806,
11.7834,53.426998,DE PCH
129.330993652,34.2849006653,JP TSJ
113.810997,22.639299,CN FNG
55.521801,-4.67434,
20.9377,53.481899,
10.69099998474121,34.71799850463867,
14.9022,53.584702,
117.346000671,39.1244010925,
-60.83219909667969,11.14970016479492,
-81.23750305175781,28.7775993347168,US SFB
21.33790016174316,45.80989837646485,RO GRD
-63.047199,18.099899,
128.65531,35.896872,
-114.808388,30.929912,
123.775,9.566667,
146.766512,-19.252904,AU GBT
-50.711603,67.012222,
44.1390991211,13.6859998703,
134.01600647,34.2141990662,JP TAK
-60.8117,-31.7117,AR RRS
-122.375,37.61899948120117,
134.167007,35.530102,JP TTJ
-97.8658981323,22.2964000702,
120.271004,14.7944,
21.07690048217773,64.62480163574219,
120.088171,36.361953,CN QIN
73.40180206298828,61.34370040893555,RU SGC
9.791729927062988,54.96440124511719,DK SGD
-92.3700027466,14.7943000793,
-5.320020198822,35.594299316406,MA TTU
17.4032,40.517502,IT GRT
106.652,10.8188,VN TBM
69.2811965942,41.257900238,UZ TAS
20.2411,49.073601,SK POP
-65.104897,-26.8409,
26.690399,58.307499,
0.727605998516,47.4322013855,FR PME
59.836149,41.759853,
121.33426,31.198104,
121.733150482,17.6433676823,PH TUG
141.225998,-5.27861,PG TBG
144.960006714,43.5774993896,JP SHB
63.03020095825195,25.98640060424805,
-75.452301,24.3153,BS CAT
8.87693977355957,36.97999954223633,
10.22719955444336,36.85100173950195,TN TUN
123.483002,41.639801,CN SHY
44.95470047,41.6692008972,
-110.938053,32.115004,
125.144997,24.8267,JP MMY
55.5172004699707,25.32859992980957,AE SHJ
36.6189,28.3654,
-175.1499938964844,-21.2411994934082,
41.482799530029,52.806098937988,
31.716944,-26.358611,
46.235001,38.1339,IR TBZ
-85.58219909667969,44.74140167236328,US TVC
-77.3912963867,26.745300293,
-87.611396789551,33.220600128174,US TCL
-122.475998,47.137699,
34.778099,29.587799,
-22.9494,16.7414,
118.1279983520508,4.320159912109375,
103.994003,1.35019,
33.975101,45.0522,
13.291722,52.553944,DE RKD
7.326944,46.219166,CH SIR
118.2559967041016,29.73329925537109,CN HSH
-74.060798645,40.85010147089999,US TEB
-121.929001,37.362598,US SJC
112.627998,37.746899,CN TYU
-109.721001,23.1518,
-83.994003,35.811001,
18.331499,43.8246,
-88.195775,17.517239,BZ BZE
18.7248,44.458698,
109.308889,27.883333,
-84.208801,9.99386,CR RIS
39.7897,40.995098,
27.91909980773925,41.13819885253906,TR COR
35.4259,37.002102,
-27.090799,38.761799,PT PRV
33.64020156860352,-16.10479927062988,
-45.425999,61.1605,
-1.2183,40.403,ES TER
144.929998,13.584,
-66.0018005371,18.4393997192,
114.696999,38.280701,CN SJZ
-68.418198,-31.571501,
22.8323,62.692101,FI IJK
-16.341499,28.4827,ES UNA
-62.71870040893555,17.31119918823242,
-16.5725,28.0445,ES GAB
66.98380279541016,39.70050048828125,UZ SKD
131.279006958,33.9300003052,JP UBJ
104.441284,30.31252,CN CDU
-98.58110046,29.38419914,US SAT
106.819833,47.646916,
22.97089958190918,40.51969909667969,GR THR
19.2519,42.359402,
103.1029968261719,5.38263988494873,
53.8046989440918,63.56689834594727,RU UCT
5.207190036773682,12.91629981994629,
21.621401,41.961601,MK ILI
74.363892,32.535557,PK SMB
24.41250038146973,46.46770095825195,RO UN7
45.21225738525391,54.12512969970703,
73.89610290530001,24.6177005768,
-65.4861984253,-24.8560009003,
-111.979746,40.785749,US SLC
66.93779754638672,30.25139999389648,
19.13409996032715,48.63779830932617,
-87.21720123291016,14.06089973449707,HN TGU
55.874401092529,54.557498931885,
-93.0224990845,16.5636005402,
105.467778,19.901667,
60.64170074462891,41.58430099487305,
54.09130096435547,17.03870010375977,
-97.6521987915039,38.79100036621094,US SLN
-100.930999756,22.2542991638,
51.31340026855469,35.68920135498047,IR THR
-60.992901,14.0202,
-68.7032012939,76.5311965942,
109.042,13.955,
66.61100006103516,66.5907974243164,
19.7206001282,41.4146995544,
-78.3575,-0.129166666667,
-4.167789936065674,47.97499847412109,FR PUA
40.543442,21.483001,
-121.5910034179688,38.69540023803711,
26.91169929504395,37.68999862670898,
108.433,30.8017,
119.627998,23.568701,
119.5540008544922,-5.061629772186279,
82.493477,50.036571,
-102.039001,19.3967,
51.54309844970703,51.15079879760742,
33.57462,44.691822,UA SVP
87.47419738769531,43.90710067749024,
59.281258,32.896525,
105.690931,-10.449382,
4.206111,48.773333,FR HSS
38.128889,26.48,
36.29560089111328,51.7505989074707,
99.135597229,9.13259983063,
106.766998,47.843102,MN ULN
9.835556030273438,53.5352783203125,DE HTJ
-68.2958,-54.8433,AR USH
100.06199646,9.547789573669998,
48.2267,54.268299,
108.751999,34.447102,CN XYA
129.352005005,35.59349823,
51.3149986267,25.1173000336,
48.8027,54.401001,
29.47170066833496,38.68149948120117,TR USA
20.282800674438,63.791801452637,SE UME
102.788002014,17.3864002228,
118.1279983520508,24.54400062561035,
21.2602005005,-28.39909935,
46.090099,30.935801,
-61.411945,12.600135,
102.040157,36.528295,
101.004997253418,12.67990016937256,
-87.621201,14.3824,HN CMY
29.953058,31.192545,
107.439652,51.808614,RU UUD
142.717466,46.885461,RU UUS
-6.06011,36.744598,ES JRZ
72.63469696039999,23.0771999359,
-60.952599,13.7332,
35.9931983948,31.7226009369,
103.86673,1.41555,SG SLT
4.76389,52.308601,NL SPL
24.9562,12.0535,
117.555278,34.059056,CN XZH
109.590927,38.35971,
34.955513,-1.27156,
-149.996002,61.1744,
113.559,22.1971,
-0.312222,47.560299,
133.700594,-14.818133,
21.762199,63.050701,FI VAA
-70.445099,-23.444501,CL ANF
4.46028,51.1894,BE ANR
-123.1816,48.7952,
-61.792702,17.1367,
43.33229827880859,38.46820068359375,
138.082993,9.49891,
30.5194,39.809898,
27.8251,43.232101,BG ASA
-123.3,48.86667,
36.9035,39.813801,
13.3623,43.616299,
-173.9620056152344,-18.58530044555664,
140.6909942626953,40.73469924926758,JP AOJ
27.14599990844727,35.4213981628418,GR AOK
10.3306,45.428902,IT MCH
100.3980026245117,6.189670085906982,
18.346200942993,57.662799835205,
-70.99639892578125,48.33060073852539,CA SAG
105.711998,10.0851,
12.3519,45.505299,IT VCE
-81.7752990723,26.1525993347,US APF
-47.134502,-23.007404,BR CPS
39.28179931640625,-15.10560035705566,
-123.233001709,48.75,
-172.0079956054688,-13.82999992370606,
-117.383003235,34.59749984739999,US VCV
34.935799,29.9403,
9.28806,61.015598,
-123.869863,49.05497,CA CSD
-124.930002,50.063,
35.01810073852539,29.61160087585449,
-71.5830993652,-16.3411006927,
106.590556,17.515,VN DOH
107.414167,21.117778,
40.71670150756836,64.60030364990234,RU ARH
-70.338699,-18.348499,CL ARI
36.63330078125,-3.36778998374939,
111.031389,35.116391,
-96.1873016357,19.1459007263,MX VER
17.918600082397,59.651901245117,SE SGT
-57.39139938354492,49.21080017089844,CA YDF
25.8390007019043,-18.09589958190918,
21.26199913024902,46.17660140991211,RO ARW
80.796799,16.530399,
-8.62677,42.2318,ES RED
42.64500045776367,13.07180023193359,
58.361,37.986801,
-77.79560089111328,24.69790077209473,
-113.580001831,53.3097000122,
48.010511,46.282843,
29.5625991821,40.2551994324,TR YSR
16.5697,48.110298,
-71.672668,8.624139,
105.67099762,18.7376003265,VN VNH
133.903427,-23.806588,
35.4953994751,38.770401001,
-64.42749786376953,18.4463996887207,
-68.555801,63.756402,CA IQL
-15.932,23.7183,MA VIL
-66.53720092773438,45.86890029907227,CA FRE
-57.52000045776367,-25.23999977111816,PY LUQ
28.613778,49.242531,
32.8199996948,23.9643993378,
-2.72447,42.882801,ES VIT
-40.285,-20.258,BR VIX
23.9445,37.936401,GR SPT
-125.0235,50.0994,
37.2615013123,55.5914993286,
-123.4969,48.8545,CA SSI
-84.428101,33.6367,
-0.481625,39.4893,ES MSY
133.235992,35.492199,JP SMN
74.797302,31.7096,
168.320007,-17.699301,
-88.5190963745,44.2580986023,
31.016309,27.050818,
-4.85194,41.7061,
-61.77809906005859,47.42470169067383,CA YGR
-67.92839813232422,10.14973258972168,
-70.015198,12.5014,
54.651718,24.443764,AE AUH
7.81334,36.826781,
9.849243,57.092759,
-97.662015,30.197535,US AUS
25.285801,54.634102,LT VNO
55.60919952392578,24.26169967651367,
82.861805,25.452129,
37.347301,45.002102,
35.31330108642578,-22.01840019226075,
10.618286,56.303331,
44.34550094604492,48.78250122070312,RU VOG
12.596503,46.031898,IT AVI
-90.253402709961,43.938999176025,
22.7943,39.219601,
4.901830196380615,43.90729904174805,FR AVN
39.22959899902344,51.81420135498047,
91.385002,53.740002,
-75.72339630130001,41.3385009766,
6.665278,6.204167,
144.468994,-38.039398,AU AVV
48.230075,30.367887,IR ABD
-75.442797,40.651773,
-86.525398,30.4832,US VPS
48.762001,31.3374,IR AWZ
-63.05383,18.204773,
-3.92629,5.26139,CI PBT
25.956301,40.8559,
-65.493599,18.1348,
-81.435302734375,23.03440093994141,CU QMA
-106.609001,35.040199,US ABQ
-75.7664,4.45278,
10.887303,45.394955,IT SCG
140.218994140625,39.6156005859375,
7.263169765472412,9.006790161132812,
-92.81739807128906,17.99699974060059,
16.63360023498535,59.58940124511719,SE VST
-2.19778,57.2019,
-99.753998,16.757099,
30.800501,36.898701,
102.56300354,17.9883003235,LA VTE
-0.166786000132561,5.605189800262451,GH ACC
-13.6052,28.945499,
-111.654999,33.3078,US MSC
54.2765007019,31.9048995972,IR AZD
83.224503,17.721201,
9.56077,47.485001,CH THL
54.458099,24.428301,AE AUH
-2.21472,49.706104,
72.293999,40.727699,
-0.186414,27.837601,DZ AZR
-69.737405,19.269259,
-63.135399,-17.6448,
-97.23049926757812,31.61129951477051,US ACT
-93.662697,32.501801,US BSR
50.63764,26.267295,
132.148155,43.396256,
41.1166000366,37.9290008545,TR BAL
-74.7808,10.8896,CO SOL
-74.57720184326172,39.45759963989258,US GWP
110.454775,19.13824,CN QHA
-25.0553,16.8332,
35.280399,36.982201,
14.72799968719482,56.92910003662109,SE VXO
27.157,38.2924,TR GZM
38.799301,8.97789,
109.997002,40.560001,CN BOT
83.53849792480469,53.36380004882812,
45.028801,12.8295,YE ADN
38.468899,37.7314,TR ADI
23.467252,47.660598,
35.9916,31.9727,
-7.086959838867188,52.18719863891602,
138.533393,-34.947512,AU ADL
85.8178024292,20.2444000244,
20.9671001434,52.1656990051,PL WAW
25.162399,-17.832899,
-96.8364028931,32.9686012268,US DDX
48.4244003296,38.3256988525,
44.936723,10.385035,
-76.866997,38.810799,
17.4709,-22.4799,
-81.7112,12.5836,
26.1021,44.503201,RO BUH
119.119003,36.646702,CN WEF
123.014999,10.7764,
122.228996,37.187099,CN WEI
-6.34946012497,36.645198822,ES ROT
18.26700019836425,6.517000198364258,
26.91029930114746,46.52190017700195,RO BCM
-58.4156,-34.5592,AR BUE
2.07846,41.2971,ES PDL
39.9566,43.449902,RU AER
6.1197,62.5625,NO GIS
-92.549797,31.3274,
-64.67870330810547,32.36399841308594,
-18.07270050048828,65.66000366210938,
54.82484,26.532283,
-97.31947,32.99044,US FWT
114.763,-3.44236,ID BJB
-72.688066,41.93851,US WLC
-9.412003,30.322478,
107.5759963989258,-6.900629997253418,
36.81480026245117,-1.321720004081726,KE NBO
10.931667,48.425278,DE AQG
12.84710025787354,56.29610061645508,SE ANG
17.947001,40.6576,IT CXV
40.091599,1.73324,
18.540399551392,69.055801391602,NO MAV
-4.49911,36.6749,ES AGP
77.960942,27.157683,IN AGR
28.2224998474,-25.8299999237,
20.3090991974,44.8184013367,RS SCN
-54.842682,-25.454516,PY MIN
-102.318372,21.699589,
42.656601,18.2404,
-48.476207,-1.379279,BR BEL
174.804992676,-41.3272018433,
-6.315905,32.401895,
20.2695007324,32.09680175779999,
13.500672,52.362247,DE CNF
-176.199005127,-13.2383003235,
8.29077,40.632099,IT AHO
-4.418540000915527,48.44789886474609,FR GPV
-3.83951997756958,35.17710113525391,
20.6518,52.451099,PL NWY
34.90760040283203,-19.79640007019043,
35.48839950561523,33.82089996337891,
-159.7640075683594,-18.83090019226075,
-122.302002,47.529999,US SEA
8.8029203414917,41.92359924316406,FR AJA
40.09999847412109,29.78510093688965,
49.8473014831543,34.13809967041016,
44.430044,-12.131047,
-6.21582984924,54.6575012207,
19.28190040588379,65.59030151367188,SE AJR
120.851997,27.912201,CN WNZ
8.000109672546387,16.96599960327148,
-73.1848,7.1265,CO LEB
18.51880073547364,4.39847993850708,
23.31399917602539,24.1786994934082,
-83.591904,32.640099,
40.5959625244,38.8592605591,TR BIN
-59.4925,13.0746,
142.447006,43.670799,JP AKJ
-74.59169769,40.0155983,
174.786331,-37.01199,NZ OHU
5.21814,60.2934,NO BGO
-68.828102,44.8074,US BGR
16.885799,51.102699,PL WRO
44.2346,33.262501,IQ BGW
9.70417,45.673901,IT OAS
-5.8725,54.618099,
57.206699,50.2458,KZ ABE
77.040497,43.3521,
42.62089920043945,19.98439979553223,
-0.558156,38.2822,ES ECE
23.371700286865,69.976097106934,NO ALF
151.793335,-27.558332,AU TWB
64.483299,39.775002,UZ BHK
3.21541,36.691002,DZ DEB
77.3374023438,23.2875003815,
37.2244,36.180698,
114.213723,30.774798,CN NHN
125.684998,43.996201,CN CGC
-54.673988,-20.469998,BR CGR
-80.170303344727,25.778299331665,US MIA
-1.74802994728,52.4538993835,
118.000999,27.7019,CN WYS
109.293999,21.5394,
172.5319976806641,-43.48939895629883,NZ HAD
9.48373031616211,42.55270004272461,FR QUO
112.969173,38.597456,
27.975,7.72583,
120.429000854,31.4944000244,CN WXS
14.6453,-22.9799,
-106.3799973,31.84950066,
24.14970016479492,35.53170013427734,
1.721111,46.860278,
-80.040497,32.898602,US NTS
136.1080017089844,-1.190019965171814,
-7.94994,12.5335,ML BKO
-79.2647018433,25.6998996735,BS BIM
-2.91061,43.301102,ES LOI
12.5949,41.7994,IT AMC
-1.5311111,43.4683333,FR ALT
-91.7108,41.884701,US CID
31.8212,-1.332,
-64.692222,10.111111,VE BLA
-100.7460021972656,46.77270126342773,US BIS
-79.599602,8.91479,
5.07857,36.712793,
15.5152,60.422001,SE BLE
69.47889709472656,42.36420059204102,KZ CIT
6.30859,35.752102,
-3.028609991073608,53.77170181274414,GB ASA
-61.3424,12.699,
-79.8281021118164,-6.787479877471924,PE CIX
-16.652201,13.338,
9.15178012848,55.7402992249,DK BLL
14.607182,36.994601,IT CIY
29.318501,-3.32402,
11.2887,44.5354,IT BLQ
77.706299,13.1979,
77.0434036255,11.029999733,
27.6643009186,37.25059890749999,TR MIL
-68.90360260009766,-22.49819946289062,CL CJC
12.250389,46.166549,IT BLX
34.9739990234375,-15.67910003662109,
-101.481003,20.9935,
127.498741,36.717008,KR COJ
17.94169998168945,59.35440063476562,SE STO
122.228329,-17.949055,
-106.4290008544922,31.63610076904297,
126.4929962158203,33.51129913330078,KR CHA
116.0510025024414,5.937210083007812,
-80.2281036377,39.2966003418,US XDJ
100.7470016479492,13.6810998916626,
106.651895,29.712254,
-81.68329620361328,41.51750183105469,US CLE
121.539001,38.965698,
-86.6781997680664,36.1245002746582,US BNA
5.435063,47.042686,FR GQY
-13.612,9.57689,GN CKY
56.37779998779297,27.21829986572266,IR BND
26.4267997742,40.1376991272,TR CKZ
108.366997,11.75,
153.1170043945312,-27.38419914245605,AU BNE
28.7924995422,36.7131004333,TR DLM
-81.8498001099,41.4117012024,US CLE
23.686199,46.785198,RO CLJ
-76.3816,3.54322,CO QPI
17.29750061035156,44.94139862060547,BA LTI
71.30359649658203,42.85359954833984,
-80.94309997558594,35.2140007019043,US CLT
-151.7510070800781,-16.44440078735352,
37.90629959106445,55.40879821777344,
-82.250801,9.34085,PA BOC
100.607002258,13.9125995636,
8.7930556,42.5244444,FR CLY
-0.715556,44.8283,FR MEI
49.79790115356445,26.47120094299316,
-74.1469,4.70159,
79.88410186767578,7.180759906768799,
-1.8425,50.779999,
-91.79900360107422,18.65369987487793,
127.769444,26.351667,JP DNA
5.880229949951172,45.63809967041016,FR OTT
-3.025830030441284,56.45249938964844,
27.51519966125488,42.56959915161133,BG BOJ
94.809196,40.161098,
72.8678970337,19.0886993408,
-82.891899,39.998001,US CMH
35.10060119628906,48.35720062255859,
-68.268501,12.131,
-2.079960107803345,48.58769989013672,FR PQT
14.3653,67.269203,NO BOO
35.131477,-14.306483,
-71.005203,42.3643,US BOS
-7.589970111846924,33.36750030517578,
29.7012996674,37.7855987549,TR CAR
-4.33096981048584,11.16009998321533,
-77.84750366210938,21.4202995300293,CU CMW
119.058889,39.666389,
30.4300994873,19.1539001465,
51.608056,25.273056,
28.48830032348633,44.36220169067383,RO MKO
0.154306,49.365299,
-43.966928,-19.63571,BR KFI
78.4675979614,17.4531002045,
-61.299999,15.547,
116.893997192,-1.26827001572,ID BPN
-39.080584,-16.438426,BR BPS
75.547211,11.918614,
-22.6504993439,70.7431030273,
-58.7619,-27.4455,AR CNQ
145.755004883,-16.885799408,AU CNS
98.962600708,18.7667999268,
0.0324999988079,51.33079910279999,
115.16699981689,-8.7481698989868,ID KUT
-81.46649932861328,31.2588005065918,
76.401901,10.152,
-67.129402,18.4949,
127.4120025634766,50.42539978027344,RU BQS
2.384350061416626,6.357230186462402,BJ COO
23.8981,52.108299,
114.6460037231445,48.13570022583008,
-64.208,-31.323601,AR COR
-61.262001,12.9884,
-104.700996,38.805801,US COS
13.767831,51.134123,DE DRS
-71.157501,-41.151199,
8.78667,53.047501,DE BRE
130.879741,-12.414322,
16.760599,41.138901,IT BRI
12.656000137329,55.617900848389,DK TBY
-1.010656,53.480538,GB FNL
-70.7791976929,-27.2611999512,CL CLD
-69.3586196899414,10.04274654388428,
7.497149944309999,46.914100647,CH BLP
18.6016998291,-33.9648017883,
-97.4259033203125,25.90679931640625,US BRO
16.69440078735352,49.15129852294922,CZ BRQ
109.861388889,39.49,
-17.073333,14.67,
-2.71909,51.382702,GB IGN
98.991898,2.25973,
7.61224,51.518299,DE DTM
4.48443984985,50.9014015198,BE MBK
-83.35340118408203,42.21239852905273,US ROU
23.888599,44.3181,RO CRV
-6.27007,53.421299,
-75.9557,4.75818,CO CRC
49.139231,11.275235,
170.197998,-45.928101,
-47.920834,-15.869167,
120.559998,15.186,PH MBC
4.45382,50.459202,BE CRL
9.80568,1.90547,GQ BSG
31.1197222222,-29.6144444444,
5.73823,34.793301,DZ BSK
6.76678,51.289501,DE DUS
7.529167,47.59,FR STL
17.0802,38.9972,
47.662102,30.549101,
63.563982,38.930662,TM TK5
125.646004,7.12552,
55.161389,24.896356,
13.72609996795654,4.548610210418701,
104.119003296,1.12102997303,
55.3643989563,25.2527999878,
113.220001221,28.1891994476,
47.3473014831543,56.09030151367188,
15.0664,37.466801,IT CTA
95.42063713070002,5.522872024010001,
110.443001,29.1028,
-75.513,10.4424,CO CTG
17.21269989013672,48.17020034790039,SK BTS
68.8249969482,38.5433006287,TJ DYU
-88.32679748535156,18.50469970703125,MX CTM
45.281815,-12.809319,
113.019996643,3.12385010719,
141.692001,42.7752,JP CKK
-73.153297,44.471901,US ZBR
103.945966,30.558257,CN CDU
-72.5115,7.92757,CO CUC
44.419201,17.611401,
7.62322,44.547001,IT FSS
19.261093,47.42976,
-78.73220062,42.94049835,US CKT
-1.79061,43.356499,ES HOA
-107.475228,24.76504,
-86.8770980835,21.0365009308,
10.2394,42.7603,IT LLV
28.617901,-20.017401,
32.443501,0.042386,UG EBB
-68.959801,12.1889,
-118.356378,34.197703,US BUR
-105.964996338,28.7028999329,
41.5997009277,41.6102981567,GE BUS
-71.9387969971,-13.5356998444,PR SBS
8.5534,55.525902,
-84.667801,39.048801,
43.96319961547852,36.23759841918945,
4.296390056610107,45.54059982299805,FR AZX
50.8345985413,28.9447994232,IR BUZ
-86.033361,11.427542,NI TLN
2.11278,49.454399,FR TLL
33.49610137939453,35.15470123291016,
-60.690944,2.845855,BR BVB
-1.47971999645,52.3697013855,GB WWK
-22.88890075683594,16.13649940490723,
1.485556,45.039722,
-149.807097,61.251709,
-49.1758,-25.5285,BR SJS
-3.372288,55.950145,
35.23889923095703,0.404457986354828,
25.98080062866211,48.2593002319336,
-3.34333,51.396702,GB RS8
27.0138,39.5546,TR BHN
-123.11717,49.291265,CA VAN
-157.3500061035156,1.986160039901733,
83.412594,27.505328,
10.5561,52.319199,DE BWE
20.5004997253418,38.12009811401367,
109.219002,11.9982,VN CXR
-76.668297,39.1754,
0.518611013889313,44.82529830932617,FR EGC
-77.816666,25.416668,
-106.9179993,39.64260101,
16.679701,43.285702,HR PCA
114.928001,4.9442,
-79.882797,19.687,
22.467119,13.481882,
36.5900993347168,50.643798828125,RU EGO
-14.40139961242676,65.2833023071289,
-81.5459976196,21.6165008545,
114.3401,-8.31015,ID BNI
5.37452983856,51.4500999451,NL EIN
-64.541707,18.445492,
63.210773,45.621994,
6.620389938354492,36.2760009765625,DZ CZL
-86.92559814453125,20.52239990234375,MX CZM
-5.07367,7.7388,
25.32460021972656,13.61489963531494,
119.778999,31.919701,CN CZX
-76.6835021973,25.474899292,BS ELH
-81.058098,29.179899,US DAB
90.397783,23.843347,
108.198997,16.0439,
-106.3779984,31.80719948,US ELP
36.51559829711914,33.4114990234375,
-88.303556,17.539951,
43.77439880371094,26.30279922485352,
39.202599,-6.87811,TZ DAR
17.977699,53.096802,PL BAB
113.480032,40.061614,CN DAT
34.176399,53.214199,
6.77679014206,33.5113983154,
-82.434998,8.391,
-1.32806,52.8311,
-111.1529999,45.77750015,
11.3264,46.460201,IT BZO
3.353899955749512,43.32350158691406,FR PH4
15.25300025939941,-4.251699924468994,CG BZV
8.305184,47.092444,CH EMM
28.461399,30.9245,
23.424299240112,68.362602233887,
18.2681999206543,42.5614013671875,HR CIL
9.05428,39.251499,IT ELM
-77.037697,38.8521,US ARP
109.485001,30.320299,
-61.392108,15.336693,
31.40559959411621,30.12190055847168,EG CAI
6.889167,52.275833,NL ENS
7.561960220336914,6.474269866943359,
113.299004,23.392401,CN GGZ
-72.199576,19.726734,
124.286003,40.0247,
21.615299,47.488899,HU DEB
-58.6126,-34.6099,AR EPA
-2.809170007705688,54.9375,
-52.361326,4.819964,
145.684977,43.961066,
24.47279930114746,58.41899871826172,
-66.1771011352539,-17.42110061645508,BO CBB
0.175,52.205002,GB TVH
77.09519,28.55563,IN ICD
39.5270004272,39.7102012634,
10.95810031890869,50.97980117797852,DE ERF
-2.269860029220581,31.64570045471192,DZ CBH
-104.672996521,39.861698150635,US DEN
-4.39833021164,31.9475002289,
-97.038002,32.896801,US GPV
112.096667,43.4225,CN RLC
149.195007,-35.3069,AU MAJ
-104.527999878,24.1242008209,
41.1702,39.956501,
32.995098114,40.1281013489,
-117.68800354,34.1115989685,US CCB
54.5476989746,24.2481994629,AE DHF
-78.32839965820001,22.4610004425,CU MOR
-118.417999268,34.060798645,US LAX
2.306319952011108,43.21599960327149,FR CCF
44.33089828491211,46.3739013671875,
75.955299,11.1368,
-79.62660217285156,0.978519022464752,
96.833696,-12.19134,
-9.68167,31.397499,
51.565102,25.261101,
49.291698,-12.3494,
35.014116,29.727009,
-73.063103,-36.772701,CL TAL
5.09,47.268902,
6.25131988525,48.9821014404,
-66.991222,10.601194,
125.526000977,-8.54640007019,
88.44670104980469,22.65469932556152,
-13.224947,27.142467,MA EUN
41.85419845581055,9.624699592590332,ET DIR
-62.97940063476562,17.49650001525879,
16.678100585938,68.491302490234,
2.55,49.012798,
44.3959007263,40.1473007202,
40.201,37.893902,
0.073333,40.213889,
103.643997,-1.63802,
10.77550029754639,33.875,
9.45244,24.292801,
123.97899627686,10.307499885559,
-74.168701,40.692501,US EWR
-3.41389,50.734402,
38.0158004761,59.273601532,
66.698601,63.686901,
-17.4902,14.7397,SN DKR
-2.97778,53.178101,
9.71947956085,4.0060801506,CM DLA
-58.5358,-34.8222,
99.882896,19.952299,
7.68483,52.134602,DE GVN
-13.1955,8.61644,
39.28348,38.597974,
61.5033,55.305801,RU CEK
-16.7745,32.697899,PT SCZ
-0.776332974434,51.2757987976,
-109.8330001831055,27.39259910583496,
4.4163498878479,43.75740051269531,FR XGL
-1.470280051231384,49.65010070800781,
125.669998,39.224098,KP FNJ
-7.27722,62.063599,FO SRV
-42.071874,-22.921485,BR CFO
62.165347,32.366667,
-147.8560028,64.81510162,
-7.96590995789,37.0144004822,PT FAO
3.1691699028,45.7867012024,FR XAU
119.66318,25.934669,CN CHA
-80.41419982910156,22.14999961853028,CU CFG
-96.81580352783205,46.92070007324219,US FAR
-119.718002,36.776199,US FAT
1.342237,36.217166,DZ CLF
-95.663597,38.950901,
-8.340999603271484,55.0442008972168,IE CFN
-0.45,49.173302,FR V3R
-72.6317977905,40.8437004089,
-38.5326,-3.77628,BR FOR
19.91169929504395,39.60189819335938,
-78.695602417,26.5587005615,
27.5308990479,-11.5913000107,
8.559294,50.036249,DE FRA
-56.116699,-15.6529,BR VGR
8.658499717709999,53.7677001953,DE 75R
12.251998,41.804532,IT FCO
106.65599823,-6.1255698204,ID TRG
-61.003201,14.591,
12.0701,44.194801,IT FRL
5.0247201919556,61.583599090576,
9.51148986816,47.6712989807,DE FDH
7.1427397728,50.8658981323,DE POR
-89.866402,16.913799,GT PEE
113.849165,34.526497,CN ZGZ
74.4776000977,43.0612983704,
71.745003,40.358799,UZ FEG
91.813301,22.249599,
27.468545,-21.15914,
100.392997742,6.93320989609,
62.228298,34.209999,
9.09778,41.500599,FR FSC
-4.977960109709999,33.9272994995,
96.79199981689452,20.74699974060058,MM TGI
-1.79003,51.682201,GB KMP
-171.73334,-13.833333,
24.963301,60.3172,FI VAT
-56.17309951782227,46.76290130615234,
25.1802997589,35.3396987915,
138.187752,34.796043,JP MKO
111.824598,40.849658,CN HHH
-72.053101,-50.2803,
35.04309844970703,32.80939865112305,IL HFA
15.4446,-4.38575,
116.9769,31.98779,CN HFI
46.9561,-25.038099,MG TLN
56.32400131225586,25.1121997833252,
-13.8638,28.4527,ES PRO
8.0805,48.7794,DE RHR
44.082389,9.513207,
25.3379993439,0.481638997793,
130.4510040283203,33.58589935302734,JP FUK
120.428865,30.23609,CN HAZ
179.195999,-8.525,TV FUN
140.4309997558594,37.22740173339844,
-80.152702,26.072599,
-48.552502,-27.670279,BR FLN
-80.1707000732,26.1972999573,US FLL
7.26389,49.9487,DE LTZ
134.36298,48.197219,
11.2051,43.810001,IT STF
114.152369,22.288868,
99.951499939,12.6361999512,
9.91941,33.733691,
119.125,33.790833,CN HIA
8.822500228881836,34.42200088500977,
10.2395000458,47.9888000488,DE MQB
132.919006,34.4361,JP MHR
73.155602,-0.693342,
74.8900985718,12.9612998962,
128.071747,35.088591,KR SAH
160.054993,-9.428,
-0.005456000100821,16.24839973449707,
91.58589935302734,26.10610008239746,
78.09339904790001,9.83450984955,IN IXM
140.822006,41.77,JP HKD
84.95120239257812,24.74430084228516,
113.915001,22.308901,
47.725389,40.808617,
85.3217010498,23.3143005371,
25.9182,-24.555201,
35.124922,-1.14542,
98.316902,8.1132,
54.4012985229,36.9094009399,
27.9261,-25.938499,
119.824997,49.205002,
-5.645943,-15.957725,
-125.25,50.049999,
-2.60197,49.435001,
106.890998840332,-6.266610145568848,
-81.3576965332,19.2928009033,
70.498596,34.399799,
69.08609771728516,61.02849960327149,RU KHM
31.737624,26.339115,
6.14044,31.673,DZ HME
75.812202,26.8242,
-103.3109970092773,20.52179908752441,
-111.047996521,29.0958995819,
18.46619987487793,54.37760162353516,PL GDN
-51.057098,69.243202,
141.134995,39.4286,JP HNA
-81.68789672851562,30.49410057067871,US JAX
-71.142303,21.4445,
139.779999,35.552299,JP ZAD
150.7200012207031,59.9109992980957,
-69.98560333251953,18.57250022888184,
-157.924228,21.32062,US HNL
38.0124807358,44.5820926295,RU GDZ
-58.254101,6.49855,
42.97629928588867,14.75300025939941,
49.485199,25.285299,SA ALH
125.096000671,6.05800008774,PH GES
-76.31510162353516,20.78560066223145,CU HOG
20.81459999084473,67.13240051269531,SE GEV
39.156502,21.6796,
-87.49620056150002,36.668598175,US FCM
-95.2789,29.645399,US HOU
-2.195509910583496,49.20790100097656,
-73.7789,40.639801,US NYC
48.567407,8.457942,
-75.877998,23.562599,
106.7249984741211,20.81940078735352,VN HPH
3.794110059738159,32.38410186767578,
126.25,45.623402,CN HRN
-76.331001,25.2847,
31.0928,-17.931801,
103.669998,1.64131,
-77.840103,25.7383,
100.760002,21.9739,CN JOG
33.807292,27.180325,
81.124128,6.284467,
-5.34966,36.151199,GI GIB
36.290001,49.924801,UA KIV
-97.65440368652344,26.22850036621094,US HRL
-43.250557,-22.809999,BR RIO
43.1595,11.5473,DJ JIB
-1.2527500391,54.0489006042,
68.549881,43.313126,
42.9121,9.3325,
130.302001953,33.1497001648,JP QSG
42.5858,16.9011,
5.87361001968,36.7951011658,
-86.775101,34.637199,US HSV
113.306,52.026299,RU HTA
-4.43306,55.871899,
38.195141,0.165083,
118.589996,24.7964,
47.45470047,6.78082990646,
14.06869983673096,57.75759887695312,SE JKG
-10.0503,29.026699,
26.14060020446777,38.34320068359375,GR JKH
36.282223,36.362778,TR HAT
-2.167220115661621,51.89419937133789,
107.703003,16.401501,
121.6179962158203,24.02309989929199,
25.34810066223145,37.43510055541992,GR JMK
-96.26079,15.775611,
-7.22145,33.655399,
31.0167007446289,52.52700042724609,
130.464996,46.843399,
-0.350832998752594,53.57440185546875,GB KMG
28.246,-26.1392,
126.791,37.5583,KR GNO
-134.5760040283203,58.35499954223633,US JNU
24.05380058288575,53.60200119018555,
25.368099,37.0811,GR JNX
5.32937,45.3629,FR SES
-61.78620147705078,12.00419998168945,
29.6075,62.662899,FI LIP
110.431999,-7.78818,
46.3176,40.737701,AZ GAN
78.429855,17.231318,
47.90470123291016,56.70059967041016,
38.895592,37.445663,
-34.950554,-7.148691,BR BAY
8.8375,44.4133,IT GOA
-51.678101,64.190903,
73.8313980103,15.3808002472,
43.784000396729,56.230098724365,
29.23850059509277,-1.670809984207153,CD GOM
-77.455803,38.9445,
-95.34140014648438,29.98439979553223,US HOU
12.279800415039,57.662799835205,SE HRY
13.3701000213623,9.33588981628418,CM GOU
37.074501,-3.42941,
21.4256,38.1511,GR ARX
26.10129928588867,35.21609878540039,
40.157398,57.560699,
-77.8986,2.57013,CO GUP
23.50370025634766,39.17710113525391,GR JSI
27.620833,47.180278,RO IAS
-89.070099,30.407301,US GPT
140.414993,36.181099,JP OMM
1.37312,38.872898,ES SJT
-97.828903,31.0672,
126.4509963989258,37.46910095214844,
-102.175003052,42.8059997559,
2.76055,41.901001,ES VON
25.47929954528809,36.39920043945312,GR JTR
6.57944011688,53.1197013855,NL TNO
-97.433098,37.649899,US ICT
-85.52279663,42.88079834,
11.0719,42.759701,IT GRS
75.8011016846,22.7217998505,
31.601101,4.87201,SS JUB
-46.467778,-23.431944,BR GUS
15.7986001968,52.1385002136,PL BMS
45.699772,43.388106,RU GRV
30.45194,50.40194,
-3.77736,37.188702,ES CHU
-65.097801,-24.392799,
51.86130142211914,32.75080108642578,
24.68610000610352,48.88420104980469,UA IFO
15.4396,46.9911,AT FKC
-70.158203125,-15.46710014343262,PE JUL
11.8704,57.7747,SE GO7
-73.66690063476562,20.97500038146973,BS IGA
55.902353,26.754639,
-79.937302,36.097801,
48.3594017029,36.7737007141,
-82.218903,34.895699,
-54.4734,-25.737301,
45.012568,43.323268,
25.678301,62.399502,FI TKK
-54.489444,-25.594167,BR IGU
46.171111,51.712778,
-111.3710022,47.48199844,US GTF
53.45750045776367,56.82809829711914,
41.191399,37.020599,
51.15219879150391,35.41609954833984,
7.320109844207764,10.69600009918213,
27.6924,64.2855,FI KAJ
34.225556,-2.160833,
-90.527496,14.5833,GT GUA
8.52462,12.0476,
104.389,52.268002,RU IKT
29.239401,65.987602,FI KAO
76.701181,42.585584,
144.796005,13.4834,
0.535023,41.728185,ES ALU
98.53800201416016,10.04930019378662,
150.333999634,-10.3114995956,
51.819321,47.122559,
-77.90260314941406,34.27059936523438,
122.493358,10.833017,
6.108950138092041,46.23809814453125,CH LGS
69.212303,34.565899,
-71.34400177001953,-17.69499969482422,PE ILQ
62.327671,25.232391,
30.894699,50.345001,
102.2929992675781,6.166850090026856,
8.34047031403,54.9132003784,DE TIN
48.7883,15.9661,
98.9861984253,8.09912014008,
50.04669952392578,40.46749877929688,
-79.883598,-2.15742,EC GYE
106.393214,38.322758,CN YCH
-86.294403,39.7173,US IND
110.3470001220703,1.484699964523315,
-110.9250030517578,27.9689998626709,
35.408501,-23.8764,MZ INH
-49.220699,-16.632,BR GYN
21.853701,43.337299,
36.9535217285,37.5388259888,
30.0833,40.735001,TR KPE
11.344,47.260201,AT INN
-80.22200012207031,36.13370132446289,US INT
133.669006,33.546101,
166.919006,-0.547458,
32.300598,36.299217,TR GSZ
-4.047500133514404,57.54249954223633,
65.847801,31.5058,
37.478699,36.947201,
20.82250022888184,39.6963996887207,
-4.62389,54.083302,
12.82019996643066,56.69110107421875,SE HAD
43.2719,-11.5337,
9.68507957458,52.461101532,DE LHN
110.459,19.9349,CN HKO
9.98823,53.630402,
105.806999,21.221201,
-109.42199707,-27.1648006439,CL IPC
73.17050170898438,6.744229793548584,
101.0920028686523,4.567969799041748,
41.686298,27.437901,
5.20836,59.345299,NO KMY
-82.40910339355469,22.98920059204102,
-22.6056,63.985001,
147.509994507,-42.836101532,AU CMB
-122.259002686,47.7547988892,
29.696437,30.93249,
42.4412002563,33.7855987549,
86.1072006225586,55.27009963989258,RU KEJ
10.145278,54.379444,DE KEL
-70.1812973022461,-20.53520011901855,CL IQQ
24.582099914551,65.778701782227,
-73.30879974365234,-3.784739971160889,
120.7300033569336,22.04109954833984,TW HCN
56.951099,30.274401,IR KER
14.152299881,53.8787002563,
35.257455,-1.586345,
-92.836403,52.9911,
-66.7957992554,-29.3815994263,
48.552502,34.869202,
33.795799,41.314201,TR KTM
20.415955,42.035802,
72.82566,33.549,
122.375999451,11.679400444,PH KLO
20.59259986877441,54.88999938964844,
16.2876,56.685501,SE KLR
30.368401,37.8554,
14.3377,46.642502,AT KLU
124.245,24.396389,JP ISG
73.334396,49.670799,
12.91499996185303,50.20299911499024,CZ KLV
73.912903,20.119101,
28.823714,40.971913,TR BAK
22.02549934387207,37.06829833984375,GR KLX
30.1395,-1.96863,
-73.10019684,40.79520035,US ISP
102.9291667,25.1019444,CN KNM
28.741951,41.261297,
27.09169960021973,36.79330062866211,GR KGS
131.449005127,31.877199173,JP KMI
45.3167381287,35.5617485046,
130.8549957275391,32.83729934692383,JP KUY
135.4380035400391,34.78549957275391,
136.406998,36.3946,
32.506401,46.6758,
76.0199966431,39.5429000854,CN KSS
120.349998,22.577101,TW KHH
42.459202,-0.377353,
-169.9255981445312,-19.07903099060058,NU ALO
67.160797,24.9065,PK KHI
27.405300140381,68.607299804688,FI INA
115.90271,28.864815,
40.94079971313477,56.93939971923828,
118.359001,24.4279,
98.885307,3.64177,
135.188588,48.528338,RU KHV
132.247238,34.146333,JP IWK
141.32261,24.784153,JP OGA
88.32859802246094,26.68120002746582,
14.08549976348877,55.92169952392578,SE KID
76.788498,30.6735,
-156.045603,19.738783,
53.9802017212,26.5261993408,
139.121002197,37.9558982849,JP KIJ
123.6709976196289,-10.17160034179688,
-2.904999971389771,58.95780181884766,
130.718994140625,31.80340003967285,
24.973499,70.068802,NO PAR
-76.7874984741211,17.93569946289062,
23.143101,63.721199,
80.8892974854,26.7605991364,
-9.52378,52.180901,IE TRA
35.81829833984375,-3.376310110092163,
26.99,-5.39444,
22.122,65.5438,SE LLA
34.72890090942383,-0.086139000952244,
23.0170001984,36.2742996216,GR KIT
103.637001,10.5797,
28.93099975585937,46.92770004272461,
135.244003,34.427299,
144.529006958,-17.1427993774,AU LLG
69.594597,53.329102,
114.778889,25.853333,
92.492437,56.173077,
48.807042,38.757919,AZ LAN
3.20472,50.8172,BE WEV
108.166692,-6.648924,
33.78099823,-13.7894001007,
102.783996582,16.4666004181,
-109.081055,25.685447,
68.86470031738281,37.86640167236328,
131.035004,33.845901,JP KKJ
12.6181,35.497898,IT LMP
17.7689,63.048599,SE TSR
19.7848,50.077702,PL ZBZ
20.336799621582,67.821998596191,SE KRN
147.368638889,-6.384611111110001,
65.41560363769531,55.47529983520508,RU KRO
9.124629974365234,56.29750061035156,
39.170501708984,45.034698486328,
36.3666687012,54.5499992371,RU KLF
8.08537,58.204201,NO KRS
32.5532,15.5895,SD KRT
53.007198,40.063301,TM KRW
84.9527,45.46655,CN KRY
162.957993,5.35698,
152.628997803,-3.04361009598,
21.2411003112793,48.66310119628906,SK KSC
14.1875,48.2332,
13.3374004364,59.4446983337,SE KSD
129.77099609375,62.09329986572266,RU YKS
9.384967,51.417273,DE CAN
47.1581001282,34.3459014893,
116.276675,-8.757322,
63.55030059814453,53.20690155029297,KZ KSN
3.321160078048706,6.577370166778564,NG IKE
-119.377998,49.9561,CA KWL
65.773068,38.802246,UZ QAR
-15.3866,27.9319,ES TEL
7.82452,63.111801,NO KSU
-68.19229888916016,-16.5132999420166,BO ALT
-111.222000122,56.653301239,
15.6805000305,58.4062004089,SE LPI
39.53779983520508,52.70280075073242,
-127.028999329,50.5755996704,
-2.84972,53.333599,
28.144743,61.044601,FI LPP
-74.038696,45.679501,CA MRB
35.027533,-1.263497,
102.161003112793,19.89730072021484,
38.0634,24.144199,
85.3591,27.6966,
-122.9380035400391,48.4838981628418,
129.451004028,42.8828010559,
24.846799850464,67.700996398926,
19.08,50.4743,
-99.46160125732422,27.5438003540039,US LRD
103.2089996337891,3.775389909744263,
-1.195279955863953,46.17919921875,FR LRH
-68.91179656982422,18.45070075988769,DO LRM
120.978124,37.659724,CN YAT
54.383301,27.6747,
128.669006,38.061298,
50.16429901123,53.504901885986,RU KUF
120.203056,33.425833,CN YNZ
-3.440000057220459,47.76060104370117,FR PUR
144.192993164,43.0410003662,JP KUH
-110.2789993286133,54.40499877929688,CA YOD
101.70999908447,2.745579957962,
-71.199501,-29.916201,CL LSC
-91.256699,43.879002,US LSE
24.08480072021484,54.96390151977539,
27.7978,63.007099,FI SII
-37.1236,65.573601,
-1.295560002326965,59.87889862060547,
42.482393,42.176768,
-75.66919708251953,45.3224983215332,CA OTT
-70.15149688720703,11.78077507019043,
24.6192,40.9133,
14.3930997849,44.5657997131,
33.58829879760742,67.46330261230469,
35.9487,35.4011,
-124.024884,49.623785,CA PEH
-0.368333011865616,51.87469863891602,
20.5872,43.818298,RS KRA
-111.3479995727539,25.98920059204102,
1.620589971542358,50.51739883422852,FR LTQ
49.347831,58.503883,
167.7319946289062,8.720120429992676,
6.482,43.205399,
-78.615799,-0.906833,EC LAT
-71.393303,46.7911,CA QUE
106.8010025024414,26.53849983215332,CN LGE
8.9105796814,46.00429916379999,CH AGO
47.96889877319336,29.22660064697266,
-82.95559692382812,42.27560043334961,
-125.235,50.065,
110.039553,25.219828,CN GUI
98.5317,24.4011,
28.452722,-15.330833,
-64.678596,46.112202,CA DPP
-124.887001,49.7108,CA COX
-104.6660003662109,50.43190002441406,CA REG
-89.32389831542969,48.37189865112305,CA THU
-54.56809997558594,48.9369010925293,CA GAN
-60.047798,46.1614,
6.2044444,49.6233333,LU SWL
22.713611,51.240278,
25.822701,-17.8218,
-124.843,50.1234,
32.561901,37.979,
-125.131616592,50.4094474336,
-11.4044,14.4812,
94.40059661865234,51.66939926147461,RU KYZ
43.859299,40.750401,AM LWN
23.9561,49.8125,
-65.89029693603516,45.31610107421875,CA SJB
49.278701782227,55.606201171875,
65.592499,44.706902,
90.911951,29.298001,
30.128111,39.113079,
32.700012,25.674629,
13.2312,-8.85837,AO LAD
25.2362995148,39.917098999,GR LXS
112.388,34.7411,CN LYA
-126.831069,50.885359,
119.17899,34.41406,CN LYG
118.411828,35.052918,CN LYI
4.944270133972168,45.72719955444336,FR CHI
72.99479675292969,31.36499977111816,
120.5319976806641,18.1781005859375,
15.465600013733,78.246101379395,
-110.361999512,24.0727005005,
5.081111,45.725556,FR OBA
119.7198,32.5634,CN YZH
21.9643,32.7887,
0.939167,50.9561,GB LYX
-79.396202,43.627499,CA TOR
-115.1520004,36.08010101,
109.390999,24.2075,
-73.7407989502,45.4706001282,CA MTR
-98.4166030884,34.5676994324,US LAW
-118.407997,33.942501,US LAX
-114.606003,32.656601,
-1.66057,53.865898,
10.7192001343,53.8054008484,DE LBC
80.169296,12.990005,
-78.83560180664062,48.20610046386719,CA YUY
69.694702,40.215401,
-3.56264,40.471926,ES MAD
2.441390037536621,48.96939849853516,FR BFC
145.789001465,-5.20707988739,
4.21865,39.862598,
171.2720031738281,7.064760208129883,
-123.183998108,49.193901062,CA RBC
-2.279521,53.349375,GB MNC
-97.2398986816,49.9099998474,CA WNP
-60.049702,-3.03861,BR MAO
115.25,5.300680160522461,
-123.37198,48.423782,CA VIC
9.4122800827,0.458600014448,GA LBV
98.54509735107422,16.69989967346191,
-71.7278594971,10.5582084656,
120.1050033569336,13.85540008544922,PH LBX
33.624901,34.875099,CY LCA
-86.852997,15.7425,HN LCE
-8.37726,43.302101,
-77.684601,24.287701,
19.3980998993,51.7219009399,PL LOD
39.5942,-4.03483,KE MBA
-106.6999969482422,52.17079925537109,CA SAK
-82.927803,39.813801,
-83.64189910888672,22.33609962463379,CU QPD
-77.91339874267578,18.50370025634766,
0.055278,51.505299,
-122.679000854,53.8894004822,CA PRG
-81.1539,43.035599,
-0.006438999902457,43.1786994934082,
-122.361,49.025299,CA ABB
15.6861,46.4799,
-135.067001,60.709599,CA YXY
-7.161109924316406,55.04280090332031,
-114.019996643,51.113899231,CA CAL
-94.713898,39.2976,US MKC
114.090024,-22.235201,AU PEX
-63.12110137939453,46.29000091552734,CA CHA
30.26250076293945,59.80030059814453,
7.419673,43.725798,MC MON
0.088055998086929,49.53390121459961,FR LEH
-123.426003,48.6469,CA NSA
-2.3701,36.843899,ES LEI
-81.30899810791016,28.42939949035645,US ORL
-60.4258003235,53.3191986084,
12.236389,51.423889,DE SKZ
-51.072201,0.050664,BR MCA
-52.7518997192,47.618598938,CA TER
-5.65556,42.589001,
58.28440093994141,23.59329986572266,OM MCT
-79.63059997559999,43.6772003174,CA MIS
47.652302,42.816799,
-114.440002,62.462799,CA YZF
153.08319,-26.593324,
-35.791698,-9.51081,BR MCZ
124.926003,1.54926,ID MDC
53.188801,27.3727,
-75.4231,6.16454,
-127.3669967651367,50.68059921264648,CA PHY
129.569000244,44.5241012573,
-72.27102661132812,8.239167213439941,
-91.987602,30.205299,US LFT
1.25451,6.16561,TG LFW
95.97789764404295,21.70219993591309,
-73.872597,40.777199,US NYC
-118.152,33.817699,US LGB
15.3467,44.108299,
5.44322,50.637402,BE GHE
35.063885,-1.298636,
16.0687999725,45.7429008484,HR VGO
-76.7633972168,40.1935005188,
60.90620040893555,29.47570037841797,IR ZAH
99.72869873046876,6.329730033874512,
-87.752403,41.785999,US CHI
-68.7929000854,-32.8316993713,
-69.5743026733,-35.493598938,AR LGS
-1.04155,41.666199,ES ZAZ
-0.190278,51.148102,GB CWY
-80.67880249023438,-0.94607800245285,EC MEC
74.403603,31.521601,
39.705101,24.5534,
60.3820991516,25.4433002472,
-102.68699646,22.8971004486,
-0.461941,51.4706,
-72.6515,-38.9259,CL FRE
103.620003,36.515202,
1.179440021514893,45.86280059814453,FR LIG
144.843002,-37.673302,AU MEL
-159.339005,21.976,
-89.97669982910156,35.04240036010742,US MEM
3.086886,50.563332,FR AVI
-77.114305,-12.0219,PE CLL
9.27674,45.445099,IT PSB
-99.072098,19.4363,MX VCA
-85.544403,10.5933,
-98.237965,26.176141,US TXC
-9.13592,38.7813,PT LIS
110.590278,21.481667,CN ZHA
13.2670001984,-1.53299999237,
-92.223728,34.729582,US LIT
38.150002,55.553299,
113.592003,22.149599,
34.736253,-12.079787,
-16.281799,12.5556,SN ZIG
-101.460999,17.601601,
100.246002,26.68,CN LJG
31.93659973144531,-13.2588996887207,
14.4576,46.223701,
-86.16819763183594,12.14150047302246,NI MGA
-122.338996887,47.6290016174,US SEA
-104.558998,19.1448,
45.3046989440918,2.014440059661865,
-59.0561,-27.45,AR RES
-123.933845,49.169813,CA NNO
11.342300415039,62.578399658203,NO RRS
39.224899,-6.22202,
98.62149810791016,12.43980026245117,MM MGZ
59.64099884033203,36.23519897460938,IR MHD
168.738998,-45.021099,
139.3480072021484,35.74850082397461,JP MZH
8.548056,47.458056,CH KTN
-79.93499755859999,43.1735992432,CA HAM
-74.524002,24.063299,
55.42499923706055,-21.3208999633789,
-73.4169006348,45.5175018311,CA LON
20.8843,37.7509,
-63.5085983276,44.8807983398,CA GOF
110.057264,-7.905338,
46.669464,41.557823,
119.9117,47.3106,
113.375999,22.006399,CN ZUH
104.7600021362305,16.55660057067871,
-125.1372,50.3923,
111.479988,30.55655,CN YIC
37.507222,55.511667,
107.0007,27.5895,CN ZNY
91.864843,24.963832,
13.08090019226074,11.855299949646,
120.031997681,29.3446998596,CN JHA
-80.3786010742,43.4608001709,
-101.358002,48.4156,
-3.00758,16.730499,
8.983759880065918,13.7790002822876,
30.349599838257,55.126499176025,
-123.6084,48.8167,
-79.034698,8.62876,PA SAB
